{
  "assetsByChunkName": {
    "component---src-pages-index-js": [
      "component---src-pages-index-js-51149f4f2213315b94b1.js",
      "component---src-pages-index-js-51149f4f2213315b94b1.js.map"
    ],
    "path---": [
      "path----b0219fe2e0cd8d0880eb.js",
      "path----b0219fe2e0cd8d0880eb.js.map"
    ],
    "component---src-layouts-index-js": [
      "component---src-layouts-index-js-9f94da9b5f1fc02b1c88.js",
      "component---src-layouts-index-js-9f94da9b5f1fc02b1c88.js.map"
    ],
    "path---index": [
      "path---index-a0e39f21c11f6a62c5ab.js",
      "path---index-a0e39f21c11f6a62c5ab.js.map"
    ],
    "component---src-pages-404-js": [
      "component---src-pages-404-js-f6662393a31fb18d5e07.js",
      "component---src-pages-404-js-f6662393a31fb18d5e07.js.map"
    ],
    "commons": [
      "commons-eef92a68af65d2662677.js",
      "commons-eef92a68af65d2662677.js.map"
    ],
    "path---404-html": [
      "path---404-html-a0e39f21c11f6a62c5ab.js",
      "path---404-html-a0e39f21c11f6a62c5ab.js.map"
    ],
    "app": [
      "app-d4895fb90b259b1aa3da.js",
      "app-d4895fb90b259b1aa3da.js.map"
    ],
    "path---404": [
      "path---404-a0e39f21c11f6a62c5ab.js",
      "path---404-a0e39f21c11f6a62c5ab.js.map"
    ]
  }
}